bond_length,total_energy,verification_status,absolute_error
0.5,-1.0551597944706248,validated,1.3322676295501878e-15
0.735,-1.137306035753404,validated,5.10702591327572e-15
1.0,-1.1011503302326187,validated,5.329070518200751e-15
